HS23HN001,9
HS23HN002,10
HS23HN003,11
HS23HN004,12
HS23HN005,13
HS23HN006,14
HS23HN007,15
HS23HN008,16
HS23HN009,17
HS23HN010,18
HS23HN011,19
HS23HN012,20
HS23HN013,21
HS23HN014,22
HS23HN015,23
HS23HN016,24
HS23HN017,25
HS23HN018,9
HS23HN019,10
HS23HN020,11
HS23HN022,12
HS23HN023,13
HS23HN024,14
HS23HN025,15
HS23HN026,16
HS23HN027,17
HS23HN028,18
HS23HN029,19
HS23HN030,20
HS23HN031,21
HS23HN032,22
HS23HN033,23
HS23HN034,24
HS23HN035,25
HS23HN036,
HS23HN037,9
HS23HN039,10
HS23HN040,11
HS23HN041,12
HS23HN042,13
HS23HN043,14
HS23HN044,15
HS23HN045,16
HS23HN046,17
HS23HN047,18
HS23HN048,19
HS23HN049,20
HS23HN050,21
HS23HN051,22
HS23HN052,23
HS23HN053,24
HS23HN054,25
HS23HN056,9
HS23HN057,10
HS23HN058,11
HS23HN059,12
HS23HN060,13
HS23HN061,14
HS23HN062,15
HS23HN063,16
HS23HN064,17
HS23HN065,18
HS23HN066,19
HS23HN067,20
HS23HN068,21
HS23HN069,22
HS23HN070,23
HS23HN071,24
HS23HN072,25
HS23HN073,9
HS23HN074,10
HS23HN075,11
HS23HN076,12
HS23HN077,13
HS23HN078,14
HS23HN079,15
HS23HN080,16
HS23HN081,17
HS23HN082,18
HS23HN083,19
HS23HN084,20
HS23HN085,21
HS23HN086,22
HS23HN087,23
HS23HN088,24
HS23HN089,25
HS23HN090,9
HS23HN091,10
HS23HN092,11
HS23HN093,12
HS23HN094,13
HS23HN096,14
HS23HN097,15
HS23HN098,16
HS23HN099,17
HS23HN100,18
HS23HN101,19
HS23HN102,20
HS23HN103,21
HS23HN104,22
HS23HN105,23
HS23HN106,24
HS23HN107,25
HS23HN108,9
HS23HN109,10
HS23HN110,11
HS23HN111,12
HS23HN112,13
HS23HN113,14
HS23HN114,15
HS23HN115,16
HS23HN116,17
HS23HN117,18
HS23HN118,19
HS23HN119,20
HS23HN121,21
HS23HN122,22
HS23HN123,23
HS23HN124,24
HS23HN126,25
HS23HN127,9
HS23HN128,10
HS23HN129,11
HS23HN130,12
HS23HN131,13
HS23HN132,14
HS23HN133,15
HS23HN134,16
HS23HN509,17
HS23HN135,18
HS23HN136,19
HS23HN137,20
HS23HN138,21
HS23HN139,22
HS23HN140,23
HS23HN141,24
HS23HN712,25
HS23HN143,9
HS23HN144,10
HS23HN145,11
HS23HN146,12
HS23HN147,13
HS23HN148,14
HS23HN149,15
HS23HN150,16
HS23HN151,17
HS23HN152,18
HS23HN153,19
HS23HN154,20
HS23HN155,21
HS23HN156,22
HS23HN157,23
HS23HN158,24
HS23HN159,25
HS23HN160,9
HS23HN161,10
HS23HN162,11
HS23HN163,12
HS23HN164,13
HS23HN165,14
HS23HN166,15
HS23HN167,16
HS23HN168,17
HS23HN169,18
HS23HN170,19
HS23HN171,20
HS23HN172,21
HS23HN173,22
HS23HN174,23
HS23HN175,24
HS23HN177,25
HS23HN178,9
HS23HN179,10
HS23HN180,11
HS23HN181,12
HS23HN182,13
HS23HN183,14
HS23HN184,15
HS23HN185,16
HS23HN186,17
HS23HN187,18
HS23HN188,19
HS23HN189,20
HS23HN190,21
HS23HN191,22
HS23HN192,23
HS23HN193,24
HS23HN194,25
HS23HN195,9
HS23HN196,10
HS23HN197,11
HS23HN198,12
HS23HN199,13
HS23HN200,14
HS23HN201,15
HS23HN202,16
HS23HN203,17
HS23HN204,18
HS23HN205,19
HS23HN206,20
HS23HN207,21
HS23HN208,22
HS23HN209,23
HS23HN210,24
HS23HN211,25
HS23HN212,9
HS23HN213,10
HS23HN214,11
HS23HN215,12
HS23HN216,13
HS23HN217,14
HS23HN218,15
HS23HN219,16
HS23HN220,17
HS23HN221,18
HS23HN222,19
HS23HN223,20
HS23HN224,21
HS23HN225,22
HS23HN226,23
HS23HN227,24
HS23HN228,25
HS23HN229,9
HS23HN230,10
HS23HN231,11
HS23HN232,12
HS23HN233,13
HS23HN234,14
HS23HN235,15
HS23HN236,16
HS23HN237,17
HS23HN238,18
HS23HN239,19
HS23HN242,20
HS23HN243,21
HS23HN244,22
HS23HN245,23
HS23HN246,24
HS23HN247,25
HS23HN248,9
HS23HN249,10
HS23HN250,11
HS23HN251,12
HS23HN252,13
HS23HN253,14
HS23HN254,15
HS23HN255,16
HS23HN256,17
HS23HN257,18
HS23HN258,19
HS23HN259,20
HS23HN260,21
HS23HN261,22
HS23HN262,23
HS23HN263,24
HS23HN264,25
HS23HN265,9
HS23HN266,10
HS23HN267,11
HS23HN268,12
HS23HN269,13
HS23HN270,14
HS23HN271,15
HS23HN272,16
HS23HN273,17
HS23HN274,18
HS23HN275,19
HS23HN276,20
HS23HN277,21
HS23HN278,22
HS23HN279,23
HS23HN280,24
HS23HN281,25
HS23HN282,9
HS23HN283,10
HS23HN284,11
HS23HN285,12
HS23HN286,13
HS23HN287,14
HS23HN288,15
HS23HN289,16
HS23HN290,17
HS23HN291,18
HS23HN292,19
HS23HN294,20
HS23HN295,21
HS23HN296,22
HS23HN297,23
HS23HN298,24
HS23HN299,25
HS23HN300,9
HS23HN301,10
HS23HN302,11
HS23HN303,12
HS23HN304,13
HS23HN305,14
HS23HN306,15
HS23HN307,16
HS23HN308,17
HS23HN309,18
HS23HN310,19
HS23HN311,20
HS23HN312,21
HS23HN313,22
HS23HN314,23
HS23HN315,24
HS23HN316,25
HS23HN318,9
HS23HN319,10
HS23HN320,11
HS23HN321,12
HS23HN322,13
HS23HN323,14
HS23HN324,15
HS23HN325,16
HS23HN326,17
HS23HN327,18
HS23HN328,19
HS23HN329,20
HS23HN330,21
HS23HN331,22
HS23HN332,23
HS23HN334,24
HS23HN336,25
HS23HN337,9
HS23HN338,10
HS23HN339,11
HS23HN340,12
HS23HN341,13
HS23HN342,14
HS23HN343,15
HS23HN344,16
HS23HN345,17
HS23HN346,18
HS23HN347,19
HS23HN348,20
HS23HN349,21
HS23HN350,22
HS23HN351,23
HS23HN352,24
HS23HN353,25
HS23HN354,9
HS23HN355,10
HS23HN356,11
HS23HN357,12
HS23HN358,13
HS23HN359,14
HS23HN360,15
HS23HN361,16
HS23HN362,17
HS23HN363,18
HS23HN364,19
HS23HN365,20
HS23HN366,21
HS23HN367,22
HS23HN368,23
HS23HN369,24
HS23HN370,25
HS23HN371,9
HS23HN672,10
HS23HN453,11
HS23HN452,12
HS23HN372,13
HS23HN373,14
HS23HN374,15
HS23HN376,16
HS23HN377,17
HS23HN378,18
HS23HN379,19
HS23HN380,20
HS23HN381,21
HS23HN382,22
HS23HN383,23
HS23HN384,24
HS23HN385,25
HS23HN386,9
HS23HN387,10
HS23HN388,11
HS23HN389,12
HS23HN391,13
HS23HN392,14
HS23HN393,15
HS23HN394,16
HS23HN395,17
HS23HN660,18
HS23HN508,19
HS23HN469,20
HS23HN397,21
HS23HN398,22
HS23HN399,23
HS23HN400,24
HS23HN401,25
HS23HN402,9
HS23HN403,10
HS23HN404,11
HS23HN405,12
HS23HN406,13
HS23HN407,14
HS23HN408,15
HS23HN409,16
HS23HN410,17
HS23HN411,18
HS23HN412,19
HS23HN413,20
HS23HN414,21
HS23HN415,22
HS23HN416,23
HS23HN417,24
HS23HN418,25
HS23HN419,9
HS23HN420,10
HS23HN421,11
HS23HN422,12
HS23HN423,13
HS23HN424,14
HS23HN425,15
HS23HN426,16
HS23HN427,17
HS23HN428,18
HS23HN429,19
HS23HN430,20
HS23HN431,21
HS23HN432,22
HS23HN433,23
HS23HN434,24
HS23HN436,25
HS23HN437,9
HS23HN438,10
HS23HN663,11
HS23HN440,12
HS23HN441,13
HS23HN442,14
HS23HN443,15
HS23HN444,16
HS23HN488,17
HS23HN445,18
HS23HN446,19
HS23HN447,20
HS23HN448,21
HS23HN449,22
HS23HN450,23
HS23HN451,24
HS23HN454,25
HS23HN455,9
HS23HN456,10
HS23HN457,11
HS23HN458,12
HS23HN459,13
HS23HN460,14
HS23HN461,15
HS23HN462,16
HS23HN463,17
HS23HN464,18
HS23HN465,19
HS23HN466,20
HS23HN467,21
HS23HN468,22
HS23HN470,23
HS23HN471,24
HS23HN472,25
HS23HN473,9
HS23HN474,10
HS23HN475,11
HS23HN476,12
HS23HN477,13
HS23HN478,14
HS23HN479,15
HS23HN480,16
HS23HN481,17
HS23HN659,18
HS23HN482,19
HS23HN483,20
HS23HN484,21
HS23HN485,22
HS23HN486,23
HS23HN487,24
HS23HN489,25
HS23HN490,9
HS23HN491,10
HS23HN492,11
HS23HN493,12
HS23HN494,13
HS23HN495,14
HS23HN496,15
HS23HN497,16
HS23HN498,17
HS23HN499,18
HS23HN500,19
HS23HN501,20
HS23HN502,21
HS23HN503,22
HS23HN504,23
HS23HN505,24
HS23HN506,25
HS23HN507,9
HS23HN510,10
HS23HN511,11
HS23HN512,12
HS23HN513,13
HS23HN514,14
HS23HN515,15
HS23HN516,16
HS23HN517,17
HS23HN518,18
HS23HN519,19
HS23HN520,20
HS23HN521,21
HS23HN522,22
HS23HN523,23
HS23HN524,24
HS23HN525,25
HS23HN526,9
HS23HN527,10
HS23HN528,11
HS23HN530,12
HS23HN531,13
HS23HN532,14
HS23HN533,15
HS23HN534,16
HS23HN535,17
HS23HN536,18
HS23HN537,19
HS23HN538,20
HS23HN539,21
HS23HN540,22
HS23HN541,23
HS23HN543,24
HS23HN542,25
HS23HN544,9
HS23HN545,10
HS23HN546,11
HS23HN547,12
HS23HN548,13
HS23HN549,14
HS23HN550,15
HS23HN551,16
HS23HN552,17
HS23HN553,18
HS23HN554,19
HS23HN559,20
HS23HN555,21
HS23HN556,22
HS23HN557,23
HS23HN558,24
HS23HN560,25
HS23HN561,9
HS23HN562,10
HS23HN637,11
HS23HN563,12
HS23HN616,13
HS23HN577,14
HS23HN565,15
HS23HN566,16
HS23HN567,17
HS23HN568,18
HS23HN569,19
HS23HN570,20
HS23HN571,21
HS23HN572,22
HS23HN573,23
HS23HN574,24
HS23HN575,25
HS23HN576,9
HS23HN578,10
HS23HN579,11
HS23HN580,12
HS23HN581,13
HS23HN583,14
HS23HN584,15
HS23HN585,16
HS23HN586,17
HS23HN587,18
HS23HN588,19
HS23HN589,20
HS23HN590,21
HS23HN591,22
HS23HN592,23
HS23HN593,24
HS23HN594,25
HS23HN595,9
HS23HN596,10
HS23HN597,11
HS23HN598,12
HS23HN599,13
HS23HN600,14
HS23HN636,15
HS23HN602,16
HS23HN603,17
HS23HN604,18
HS23HN605,19
HS23HN606,20
HS23HN607,21
HS23HN608,22
HS23HN609,23
HS23HN610,24
HS23HN611,25
HS23HN612,9
HS23HN613,10
HS23HN614,11
HS23HN615,12
HS23HN617,13
HS23HN618,14
HS23HN619,15
HS23HN620,16
HS23HN621,17
HS23HN622,18
HS23HN623,19
HS23HN624,20
HS23HN625,21
HS23HN626,22
HS23HN627,23
HS23HN628,24
HS23HN629,25
HS23HN664,9
HS23HN631,10
HS23HN632,11
HS23HN633,12
HS23HN634,13
HS23HN635,14
HS23HN638,15
HS23HN639,16
HS23HN640,17
HS23HN641,18
HS23HN642,19
HS23HN643,20
HS23HN644,21
HS23HN645,22
HS23HN646,23
HS23HN647,24
HS23HN648,25
HS23HN649,9
HS23HN650,10
HS23HN652,11
HS23HN653,12
HS23HN654,13
HS23HN655,14
HS23HN656,15
HS23HN657,16
HS23HN658,17
HS23HN661,18
HS23HN662,19
HS23HN665,20
HS23HN666,21
HS23HN667,22
HS23HN668,23
HS23HN669,24
HS23HN670,25
HS23HN671,9
HS23HN673,10
HS23HN674,11
HS23HN675,12
HS23HN676,13
HS23HN677,14
HS23HN678,15
HS23HN679,16
HS23HN680,17
HS23HN681,18
HS23HN682,19
HS23HN683,20
HS23HN684,21
HS23HN685,22
HS23HN686,23
HS23HN687,24
HS23HN688,25
HS23HN689,9
HS23HN690,10
HS23HN691,11
HS23HN692,12
HS23HN693,13
HS23HN694,14
HS23HN695,15
HS23HN696,16
HS23HN697,17
HS23HN698,18
HS23HNF699,19
HS23HN700,20
HS23HN701,21
HS23HN702,22
HS23HN703,23
HS23HN704,24
HS23HN705,25
HS23HN706,9
HS23HN707,10
HS23HN708,11
HS23HN709,12
HS23HN710,13
HS23HN711,14
HS23HN713,15
HS23HN714,16
HS23HN715,17
HS23HN716,18
HS23HN717,19
HS23HN718,20
HS23HN720,21
HS23HN721,22
HS23HN722,23
HS23HN723,24
HS23HN724,25
HS23HN725,9
HS23HN726,10
HS23HN727,11
HS23HN728,12
HS23HN729,13
HS23HN730,14
HS23HN731,15
HS23HN732,16
HS23HN733,17
HS23HN734,18
HS23HN735,19
HS23HN736,20
HS23HN737,21
HS23HN738,22
HS23HN739,23
HS23HN740,24
HS23HN741,25
HS23HN742,17
HS23HN743,18
HS23HN744,19
HS23HN745,20
HS23HN746,21
