BMS114,104,NSG/23/0001
BMS114,104,NSG/23/0002
BMS114,105,NSG/23/0003
BMS114,106,NSG/23/0004
BMS114,107,NSG/23/0005
BMS114,108,NSG/23/0006
BMS114,109,NSG/23/0007
BMS114,110,NSG/23/0008
BMS114,111,NSG/23/0009
BMS114,112,NSG/23/0010
BMS114,113,NSG/23/0011
BMS114,114,NSG/23/0012
BMS114,115,NSG/23/0013
BMS114,116,NSG/23/0014
BMS114,117,NSG/23/0015
BMS114,118,NSG/23/0016
BMS114,119,NSG/23/0017
BMS114,120,NSG/23/0018
BMS114,121,NSG/23/0019
BMS114,122,NSG/23/0020
BMS114,123,NSG/23/0021
BMS114,124,NSG/23/0022
BMS114,125,NSG/23/0023
BMS114,126,NSG/23/0024
BMS114,127,NSG/23/0025
BMS114,128,NSG/23/0026
BMS114,129,NSG/23/0027
BMS114,130,NSG/23/0028
BMS114,131,NSG/23/0029
BMS114,132,NSG/23/0030
